Sp,OBV,OBM,ECV,BM,perv,perm,Ord,Clade1,Clade2,Fossil,seq
Ptilocercus_lowii_,1.892428547,-1.092211698,3.222404291,1.656098202,4.6776,0.1785,Scandentia,Scandentia,Scandentia,extant,1
Dendrogale_murina_,1.860682311,-1.123957934,3.147660869,1.653212514,5.1644,0.167,Scandentia,Scandentia,Scandentia,extant,2
Tupaia_picta_,2.271376872,-0.713263373,3.52326119,2.155336037,5.5991,0.1353,Scandentia,Scandentia,Scandentia,extant,3
Tupaia_palawanensis_,2.148602655,-0.83603759,3.442699213,2.141449773,5.0805,0.1053,Scandentia,Scandentia,Scandentia,extant,4
Tupaia_tana_,2.332236415,-0.652403829,3.584966368,2.312388949,5.5882,0.1084,Scandentia,Scandentia,Scandentia,extant,5
Tupaia_minor_,1.894039001,-1.090601244,3.249200804,1.7355989,4.4141,0.1492,Scandentia,Scandentia,Scandentia,extant,6
Tupaia_javanica_,2.00685096,-0.977789284,3.35961923,1.943494516,4.4385,0.1199,Scandentia,Scandentia,Scandentia,extant,7
Tupaia_dorsalis_,2.13155451,-0.853085735,3.391707676,2.038620162,5.4935,0.1283,Scandentia,Scandentia,Scandentia,extant,8
Tupaia_montana_,2.224533063,-0.760107182,3.448698592,2.100370545,5.9681,0.1379,Scandentia,Scandentia,Scandentia,extant,9
Tupaia_gracilis_,2.002900069,-0.981740176,3.345416864,1.82672252,4.5445,0.1554,Scandentia,Scandentia,Scandentia,extant,10
Urogale_everetti_,2.413986714,-0.570653531,3.65610683,2.350248018,5.7264,0.12,Scandentia,Scandentia,Scandentia,extant,11
Tupaia_belangeri_,2.288070283,-0.696569962,3.576261857,2.162564407,5.15,0.1383,Scandentia,Scandentia,Scandentia,extant,12
Tupaia_glis_,2.280350693,-0.704289552,3.537046749,2.182414652,5.5374,0.1298,Scandentia,Scandentia,Scandentia,extant,13
Dendrogale_melanura_,1.806900712,-1.177739532,3.170299861,1.694605199,4.3311,0.1342,Scandentia,Scandentia,Scandentia,extant,14
Galeopterus_variegatus_,2.309536486,-0.675103759,3.77069225,3.041392685,3.4582,0.0192,Dermoptera,Dermoptera,Dermoptera,extant,15
Cynocephalus_volans_,2.340957429,-0.643682816,3.769508776,3.176091259,3.7278,0.0151,Dermoptera,Dermoptera,Dermoptera,extant,16
Nycticebus_pygmaeus_,2.06694803,-0.917692214,3.852818392,2.552658904,1.6373,0.0339,Primates,Strepsirrhini,Strepsirrhini,extant,17
Loris_tardigradus_,2.115327546,-0.869312699,3.806994191,2.53645184,2.0339,0.0393,Primates,Strepsirrhini,Strepsirrhini,extant,18
Galago_senegalensis_,1.930219333,-1.05442091,3.624905753,2.275814146,2.0198,0.0467,Primates,Strepsirrhini,Strepsirrhini,extant,19
Otolemur_crassicaudatus_,2.449452171,-0.535188074,4.123126123,3.211745085,2.12,0.0179,Primates,Strepsirrhini,Strepsirrhini,extant,20
Galagoides_demidovii_,1.793295062,-1.191345179,3.380542265,1.861393167,2.5867,0.0886,Primates,Strepsirrhini,Strepsirrhini,extant,21
Euoticus_elegantulus_,1.970285494,-1.01435475,3.832317909,2.494887911,1.3739,0.031,Primates,Strepsirrhini,Strepsirrhini,extant,22
Perodicticus_potto_,2.578895815,-0.40574443,4.187548921,2.987751323,2.4623,0.0404,Primates,Strepsirrhini,Strepsirrhini,extant,23
Arctocebus_aureus_,2.347540768,-0.637099477,3.918607963,2.687307686,2.6849,0.0474,Primates,Strepsirrhini,Strepsirrhini,extant,24
Daubentonia_madagascariensis_,2.750465966,-0.234174278,4.626530266,3.335761485,1.3303,0.0269,Primates,Strepsirrhini,Strepsirrhini,extant,25
Cheirogaleus_major_,2.389966575,-0.594673669,3.918607963,2.705338672,2.9605,0.0501,Primates,Strepsirrhini,Strepsirrhini,extant,26
Mirza_coquereli_,2.165650823,-0.818989422,3.817996806,2.538079747,2.2267,0.0439,Primates,Strepsirrhini,Strepsirrhini,extant,27
Microcebus_murinus_,1.557650339,-1.42698991,3.144879196,1.788628223,2.5868,0.0609,Primates,Strepsirrhini,Strepsirrhini,extant,28
Lepilemur_mustelinus_,1.986394137,-0.998246109,3.88101812,2.574765776,1.2746,0.0267,Primates,Strepsirrhini,Strepsirrhini,extant,29
Lemur_catta_,2.351995249,-0.632644996,4.390318536,3.315189037,0.9155,0.0113,Primates,Strepsirrhini,Strepsirrhini,extant,30
Hapalemur_griseus_,2.105745151,-0.878895093,4.136758606,2.946884993,0.9311,0.0149,Primates,Strepsirrhini,Strepsirrhini,extant,31
Eulemur_fulvus_,2.40155045,-0.583089795,4.414975018,3.495879981,0.9696,0.0083,Primates,Strepsirrhini,Strepsirrhini,extant,32
Varecia_variegata_,2.671479241,-0.313161004,4.541223426,3.774284687,1.3498,0.0082,Primates,Strepsirrhini,Strepsirrhini,extant,33
Indri_indri_,2.343766911,-0.640873333,4.569770564,3.702408916,0.5943,0.0045,Primates,Strepsirrhini,Strepsirrhini,extant,34
Propithecus_diadema_,2.361421834,-0.623218411,4.589164035,3.457798702,0.5919,0.0083,Primates,Strepsirrhini,Strepsirrhini,extant,35
Avahi_laniger_,1.998405823,-0.98623442,3.968943617,2.532864769,1.0702,0.0303,Primates,Strepsirrhini,Strepsirrhini,extant,36
Pithecia_pithecia_,1.334781359,-1.649858882,4.475351523,3.222581708,0.0723,0.0013,Primates,Haplorhini,Anthropoidea,extant,37
Pithecia_monachus_,1.617419747,-1.367220498,4.592391741,3.372912003,0.1059,0.0018,Primates,Haplorhini,Anthropoidea,extant,38
Chiropotes_satanas_,1.765486008,-1.219154236,4.745097443,3.366643278,0.1048,0.0026,Primates,Haplorhini,Anthropoidea,extant,39
Cacajao_calvus_,1.764157445,-1.2204828,4.835643018,3.548032503,0.0848,0.0017,Primates,Haplorhini,Anthropoidea,extant,40
Callicebus_moloch_,1.488891814,-1.495748433,4.274414192,2.904600956,0.1639,0.004,Primates,Haplorhini,Anthropoidea,extant,41
Leontocebus_fuscicollis_,1.479435657,-1.505204585,3.974107145,2.407617314,0.3201,0.0122,Primates,Haplorhini,Anthropoidea,extant,42
Saguinus_oedipus_,1.316389751,-1.668250494,4.020110911,2.634336177,0.1978,0.005,Primates,Haplorhini,Anthropoidea,extant,43
Saguinus_midas_,1.316389751,-1.668250494,4.02139771,2.750508395,0.1972,0.0038,Primates,Haplorhini,Anthropoidea,extant,44
Cebuella_pygmaea_,1.041590047,-1.943050198,3.565789988,1.676153874,0.2991,0.024,Primates,Haplorhini,Anthropoidea,extant,45
Callithrix_jacchus_,1.316389751,-1.668250494,3.890421019,2.505149978,0.2667,0.0067,Primates,Haplorhini,Anthropoidea,extant,46
Mico_argentatus_,1.320997417,-1.663642828,3.899283593,2.281780247,0.2641,0.0113,Primates,Haplorhini,Anthropoidea,extant,47
Callimico_goeldii_,1.408328172,-1.576312075,4.109446923,2.455299574,0.199,0.0093,Primates,Haplorhini,Anthropoidea,extant,48
Leontopithecus_rosalia_,1.684609307,-1.300030939,4.074205513,2.692862768,0.4078,0.0102,Primates,Haplorhini,Anthropoidea,extant,49
Sapajus_apella_,2.035681836,-0.948958409,4.837671754,3.567580317,0.1578,0.003,Primates,Haplorhini,Anthropoidea,extant,50
Cebus_capucinus_,1.90323111,-1.081409135,4.835618289,3.640108809,0.1168,0.0019,Primates,Haplorhini,Anthropoidea,extant,51
Saimiri_sciureus_,1.44463335,-1.540006897,4.308639102,2.764191551,0.1368,0.005,Primates,Haplorhini,Anthropoidea,extant,52
Aotus_trivirgatus_,1.80191249,-1.182727756,4.183713879,2.835154154,0.4151,0.0096,Primates,Haplorhini,Anthropoidea,extant,53
Lagothrix_lagotricha_,2.085882557,-0.898757688,5.005412189,3.718312382,0.1204,0.0024,Primates,Haplorhini,Anthropoidea,extant,54
Ateles_geoffroyi_,2.10155806,-0.883082185,5.025846348,3.858220537,0.119,0.0018,Primates,Haplorhini,Anthropoidea,extant,55
Alouatta_palliata_,1.972244506,-1.012395738,4.677181574,3.666695139,0.1973,0.0021,Primates,Haplorhini,Anthropoidea,extant,56
Alouatta_seniculus_,1.617419747,-1.367220498,4.772831703,3.774516966,0.0699,0.0007,Primates,Haplorhini,Anthropoidea,extant,57
Hylobates_lar_,1.71432976,-1.270310485,5.040829474,3.766600208,0.0472,0.0009,Primates,Haplorhini,Anthropoidea,extant,58
Pan_troglodytes_,2.44672352,-0.537916725,5.602857449,4.652890727,0.0698,0.0006,Primates,Haplorhini,Anthropoidea,extant,59
Homo_sapiens_,2.094541001,-0.890099243,6.154571152,4.77815125,0.0087,0.0002,Primates,Haplorhini,Anthropoidea,extant,60
Gorilla_gorilla_,2.533873695,-0.450766549,5.721274759,5.082605873,0.065,0.0003,Primates,Haplorhini,Anthropoidea,extant,61
Pygathrix_nemaeus_,1.015359755,-1.969280489,4.991755592,3.987666265,0.0106,0.0001,Primates,Haplorhini,Anthropoidea,extant,62
Nasalis_larvatus_,1.49248101,-1.492159234,4.995953911,4.163182851,0.0314,0.0002,Primates,Haplorhini,Anthropoidea,extant,63
Procolobus_badius_,1.71432976,-1.270310485,4.823773307,3.86598234,0.0777,0.0007,Primates,Haplorhini,Anthropoidea,extant,64
Lophocebus_albigena_,2.129303108,-0.855337137,4.999616957,3.83058482,0.1348,0.0021,Primates,Haplorhini,Anthropoidea,extant,65
Papio_anubis_,2.49248101,-0.492159234,5.25453406,4.258876629,0.173,0.0018,Primates,Haplorhini,Anthropoidea,extant,66
Macaca_mulatta_,1.969602265,-1.01503798,4.977918491,3.848574575,0.0981,0.0014,Primates,Haplorhini,Anthropoidea,extant,67
Cercopithecus_mitis_,2.094541001,-0.890099243,4.884004194,3.785992163,0.1624,0.0021,Primates,Haplorhini,Anthropoidea,extant,68
Cercopithecus_ascanius_,2.015359755,-0.969280489,4.805785673,3.569875809,0.162,0.0029,Primates,Haplorhini,Anthropoidea,extant,69
Erythrocebus_patas_,1.71432976,-1.270310485,5.020754787,3.975431809,0.0494,0.0006,Primates,Haplorhini,Anthropoidea,extant,70
Miopithecus_talapoin_,1.49248101,-1.492159234,4.64710783,3.243038049,0.07,0.0018,Primates,Haplorhini,Anthropoidea,extant,71
Tarsius_tarsier_,1.387459237,-1.597181015,3.463530179,1.993858858,0.8393,0.0256,Primates,Haplorhini,Tarsioidea,extant,72
Tarsius_syrichta_,1.355474508,-1.62916574,3.6150827,2.143970353,0.55,0.0169,Primates,Haplorhini,Tarsioidea,extant,73
Poelagus_marjorita_,2.562614005,-0.42202624,4.072227833,3.394493972,3.093,0.0153,Lagomorpha,Lagomorpha,Lagomorpha,extant,74
Romerolagus_diazi_,2.249017262,-0.735622983,3.779785462,2.941447564,2.946,0.021,Lagomorpha,Lagomorpha,Lagomorpha,extant,75
Lepus_saxatilis_,2.565345966,-0.419294279,4.037095671,3.413908021,3.3748,0.0147,Lagomorpha,Lagomorpha,Lagomorpha,extant,76
Lepus_townsendii_,2.694941976,-0.289698269,4.153104174,3.355072732,3.4821,0.0227,Lagomorpha,Lagomorpha,Lagomorpha,extant,77
Lepus_arcticus_,2.603347934,-0.38129231,4.20278247,3.602396965,2.5152,0.0104,Lagomorpha,Lagomorpha,Lagomorpha,extant,78
Lepus_timidus_,2.736407101,-0.248233144,4.233504268,3.492120346,3.1835,0.0182,Lagomorpha,Lagomorpha,Lagomorpha,extant,79
Lepus_capensis_,2.590637564,-0.394002681,4.068029933,3.31114118,3.3313,0.0197,Lagomorpha,Lagomorpha,Lagomorpha,extant,80
Lepus_alleni_,2.665009372,-0.319630872,4.210074947,3.339056022,2.8506,0.0219,Lagomorpha,Lagomorpha,Lagomorpha,extant,81
Lepus_californicus_,2.630014743,-0.354625502,4.162683866,3.291301821,2.9331,0.0226,Lagomorpha,Lagomorpha,Lagomorpha,extant,82
Lepus_americanus_,2.556998021,-0.427642224,4.009722776,2.999426961,3.5259,0.0374,Lagomorpha,Lagomorpha,Lagomorpha,extant,83
Brachylagus_idahoensis_,2.12581296,-0.858827285,3.711400573,2.530917909,2.5966,0.0408,Lagomorpha,Lagomorpha,Lagomorpha,extant,84
Oryctolagus_cuniculus_,2.326366588,-0.658273656,3.971425692,3.254323205,2.2643,0.0122,Lagomorpha,Lagomorpha,Lagomorpha,extant,85
Caprolagus_hispidus_,2.633670406,-0.350969839,4.094044311,3.397416803,3.4644,0.0178,Lagomorpha,Lagomorpha,Lagomorpha,extant,86
Bunolagus_monticularis_,2.491372201,-0.493268044,4.064856534,3.24304053,2.67,0.0184,Lagomorpha,Lagomorpha,Lagomorpha,extant,87
Sylvilagus_bachmani_,2.295993489,-0.688646756,3.784951621,2.854546509,3.2437,0.0286,Lagomorpha,Lagomorpha,Lagomorpha,extant,88
Sylvilagus_obscurus_,2.549750979,-0.434889266,3.934014903,3.241014538,4.128,0.0211,Lagomorpha,Lagomorpha,Lagomorpha,extant,89
Sylvilagus_floridanus_,2.494759679,-0.489880566,3.937301694,2.988261496,3.6096,0.0333,Lagomorpha,Lagomorpha,Lagomorpha,extant,90
Sylvilagus_palustris_,2.553955807,-0.430684437,3.912431445,3.132013007,4.3805,0.0274,Lagomorpha,Lagomorpha,Lagomorpha,extant,91
Sylvilagus_aquaticus_,2.22201375,-0.762626494,3.715646992,3.329060076,3.209,0.0081,Lagomorpha,Lagomorpha,Lagomorpha,extant,92
Sylvilagus_audubonii_,2.305065329,-0.679574916,3.894673765,2.854546509,2.5727,0.0292,Lagomorpha,Lagomorpha,Lagomorpha,extant,93
Pronolagus_randensis_,2.594254394,-0.390385851,4.07247526,3.375932336,3.3249,0.0171,Lagomorpha,Lagomorpha,Lagomorpha,extant,94
Pronolagus_rupestris_,2.414246131,-0.570394113,3.997159129,3.352180588,2.6127,0.012,Lagomorpha,Lagomorpha,Lagomorpha,extant,95
Ochotona_hyperborea_,1.73304632,-1.251593927,3.311666993,2.075069105,2.6386,0.0471,Lagomorpha,Lagomorpha,Lagomorpha,extant,96
Ochotona_pallasi_,1.790402696,-1.19423755,3.33005645,2.349951356,2.8863,0.0286,Lagomorpha,Lagomorpha,Lagomorpha,extant,97
Ochotona_collaris_,1.760443594,-1.224196649,3.395991743,2.10983927,2.3145,0.0463,Lagomorpha,Lagomorpha,Lagomorpha,extant,98
Ochotona_princeps_,1.793302053,-1.191338189,3.356121506,2.307332896,2.7364,0.0317,Lagomorpha,Lagomorpha,Lagomorpha,extant,99
Dryomys_nitedula_,1.512376173,-1.472264077,2.973142176,1.476904363,3.4613,0.1124,Rodentia,Rodentia,Rodentia,extant,100
Graphiurus_platyops_,1.630853824,-1.353786425,2.978564408,1.629489805,4.4904,0.1039,Rodentia,Rodentia,Rodentia,extant,101
Glis_glis_,1.757016995,-1.227623247,3.277703168,2.024961875,3.0152,0.0559,Rodentia,Rodentia,Rodentia,extant,102
Aplodontia_rufa_,2.309012349,-0.675627896,3.897347734,3.167361079,2.5803,0.0144,Rodentia,Rodentia,Rodentia,extant,103
Ratufa_affinis_,2.304145713,-0.680494532,4.090388569,3.029459968,1.6359,0.0195,Rodentia,Rodentia,Rodentia,extant,104
Xerus_rutilus_,2.278529539,-0.706110706,3.77827573,2.547338984,3.1641,0.0558,Rodentia,Rodentia,Rodentia,extant,105
Tamias_minimus_,1.70918513,-1.275455115,3.182297645,1.567504158,3.3642,0.1436,Rodentia,Rodentia,Rodentia,extant,106
Urocitellus_richardsonii_,2.021466332,-0.963173913,3.49941075,2.390546304,3.327,0.0443,Rodentia,Rodentia,Rodentia,extant,107
Cynomys_ludovicianus_,2.273589198,-0.711051046,3.858615989,2.972524959,2.6,0.0207,Rodentia,Rodentia,Rodentia,extant,108
Marmota_marmota_,2.592700705,-0.39193954,4.181437676,3.657722286,2.5779,0.0089,Rodentia,Rodentia,Rodentia,extant,109
Funisciurus_pyrropus_,2.166666883,-0.817973361,3.658405424,2.477251354,3.223,0.0507,Rodentia,Rodentia,Rodentia,extant,110
Protoxerus_stangeri_,2.35328134,-0.631358905,3.988866956,2.883304658,2.3143,0.0306,Rodentia,Rodentia,Rodentia,extant,111
Paraxerus_cepapi_,1.902438056,-1.082202188,3.484769478,2.138834154,2.6162,0.0601,Rodentia,Rodentia,Rodentia,extant,112
Heliosciurus_rufobrachium_,2.173623258,-0.811016987,3.783663508,2.548659159,2.4545,0.0437,Rodentia,Rodentia,Rodentia,extant,113
Dremomys_rufigenis_,2.366273497,-0.618366748,3.768348722,2.620064237,3.9621,0.0578,Rodentia,Rodentia,Rodentia,extant,114
Callosciurus_caniceps_,2.361293324,-0.62334692,3.845590375,2.639261089,3.2787,0.0546,Rodentia,Rodentia,Rodentia,extant,115
Rhinosciurus_laticaudatus_,2.230729845,-0.7539104,3.641830918,2.703753017,3.8806,0.0349,Rodentia,Rodentia,Rodentia,extant,116
Lariscus_insignis_,2.362915799,-0.621724446,3.688292541,2.509955572,4.7274,0.0738,Rodentia,Rodentia,Rodentia,extant,117
Tamiasciurus_hudsonicus_,2.11023944,-0.874400804,3.711524635,2.407763801,2.5045,0.0522,Rodentia,Rodentia,Rodentia,extant,118
Sciurus_carolinensis_,2.408104227,-0.576536018,3.905935587,2.771132886,3.1781,0.0449,Rodentia,Rodentia,Rodentia,extant,119
Sciurus_granatensis_,2.230142252,-0.754497992,3.800968511,2.526076865,2.6864,0.0524,Rodentia,Rodentia,Rodentia,extant,120
Hylopetes_spadiceus_,1.844787719,-1.139852526,3.326487428,1.924011174,3.2984,0.0863,Rodentia,Rodentia,Rodentia,extant,121
Glaucomys_volans_,1.845594093,-1.139046151,3.303288956,1.804574831,3.4858,0.1139,Rodentia,Rodentia,Rodentia,extant,122
Aeromys_tephromelas_,2.514242178,-0.470398066,4.059241459,2.954816273,2.851,0.0376,Rodentia,Rodentia,Rodentia,extant,123
Pteromyscus_pulverulentus_,2.007491733,-0.977148511,3.558833322,2.289532592,2.8097,0.0541,Rodentia,Rodentia,Rodentia,extant,124
Pteromys_volans_,1.610553705,-1.374086539,3.367505009,3.029459968,1.75,0.0039,Rodentia,Rodentia,Rodentia,extant,125
Petaurista_petaurista_,2.304835069,-0.679805175,4.090529623,3.038411199,1.638,0.0191,Rodentia,Rodentia,Rodentia,extant,126
Laonastes_aenigmamus_,2.381032006,-0.603608239,3.746537678,2.946987069,4.3102,0.0281,Rodentia,Rodentia,Rodentia,extant,127
Dasyprocta_leporina_,2.898725182,-0.085915063,4.381816067,3.883478868,3.2878,0.0107,Rodentia,Rodentia,Rodentia,extant,128
Dasyprocta_fuliginosa_,2.895422546,-0.089217699,4.373301405,3.891049628,3.3275,0.0105,Rodentia,Rodentia,Rodentia,extant,129
Dasyprocta_punctata_,2.885931987,-0.098708257,4.342351609,3.678787365,3.4961,0.0167,Rodentia,Rodentia,Rodentia,extant,130
Myoprocta_acouchy_,2.612618582,-0.372021663,4.111689203,3.340309551,3.1691,0.0194,Rodentia,Rodentia,Rodentia,extant,131
Kerodon_rupestris_,2.068185862,-0.916454383,3.7730232,3.032858543,1.9732,0.0112,Rodentia,Rodentia,Rodentia,extant,132
Hydrochoerus_hydrochaeris_,3.298853076,0.314212832,4.977824167,5.261896757,2.0943,0.0011,Rodentia,Rodentia,Rodentia,extant,133
Dolichotis_patagonum_,2.745855195,-0.238785049,4.471271757,4.178599148,1.8818,0.0038,Rodentia,Rodentia,Rodentia,extant,134
Galea_spixii_,2.173186268,-0.811453976,3.573677898,2.591609126,3.9766,0.0395,Rodentia,Rodentia,Rodentia,extant,135
Galea_musteloides_,2.012837225,-0.97180302,3.420802892,2.456968649,3.9087,0.0373,Rodentia,Rodentia,Rodentia,extant,136
Cavia_aperea_,2.158362492,-0.826277752,3.611912275,2.670969075,3.5193,0.0318,Rodentia,Rodentia,Rodentia,extant,137
Cavia_porcellus_,2.240828704,-0.74381154,3.758146285,3.059852495,3.0387,0.0157,Rodentia,Rodentia,Rodentia,extant,138
Cuniculus_paca_,3.247902105,0.26326186,4.6169909,3.990738329,4.2748,0.0187,Rodentia,Rodentia,Rodentia,extant,139
Dinomys_branickii_,3.030915311,0.046275066,4.63851142,4.176091259,2.4683,0.0074,Rodentia,Rodentia,Rodentia,extant,140
Lagostomus_maximus_,2.547080264,-0.437559981,4.124719362,3.61866573,2.6446,0.0088,Rodentia,Rodentia,Rodentia,extant,141
Chinchilla_lanigera_,2.087071206,-0.897569039,3.748416747,2.860349165,2.181,0.0175,Rodentia,Rodentia,Rodentia,extant,142
Mesomys_hispidus_,2.071078925,-0.91356132,3.462057917,2.282226798,4.0646,0.0637,Rodentia,Rodentia,Rodentia,extant,143
Pattonomys_semivillosus_,2.348339917,-0.636300328,3.750137196,2.899246502,3.9646,0.0291,Rodentia,Rodentia,Rodentia,extant,144
Phyllomys_dasythrix_,1.878061981,-1.106578263,3.410569734,2.301029996,2.9342,0.0391,Rodentia,Rodentia,Rodentia,extant,145
Myocastor_coypus_,2.727939584,-0.25670066,4.252515655,3.879049655,2.9883,0.0073,Rodentia,Rodentia,Rodentia,extant,146
Hoplomys_gymnurus_,2.413951555,-0.57068869,3.692745601,2.838476194,5.2627,0.039,Rodentia,Rodentia,Rodentia,extant,147
Capromys_pilorides_,2.601725456,-0.382914789,4.137730632,3.669713504,2.9107,0.0089,Rodentia,Rodentia,Rodentia,extant,148
Ctenomys_pearsoni_,1.813225268,-1.171414977,3.384098821,2.293748087,2.6861,0.0343,Rodentia,Rodentia,Rodentia,extant,149
Octodon_degus_,1.897556169,-1.087084073,3.329489407,2.017334654,3.6989,0.0786,Rodentia,Rodentia,Rodentia,extant,150
Spalacopus_cyanus_,1.795339071,-1.189301175,3.221416846,1.997434724,3.7491,0.0651,Rodentia,Rodentia,Rodentia,extant,151
Erethizon_dorsatum_,2.669428462,-0.315211782,4.415018445,3.772368155,1.7964,0.0082,Rodentia,Rodentia,Rodentia,extant,152
Coendou_prehensilis_,2.571532983,-0.413107262,4.351661052,3.493230787,1.6591,0.0124,Rodentia,Rodentia,Rodentia,extant,153
Coendou_spinosus_,2.489367775,-0.49527247,4.140870223,3.017033339,2.231,0.0307,Rodentia,Rodentia,Rodentia,extant,154
Cryptomys_hottentotus_,1.801554623,-1.183085621,3.108886229,1.85671245,4.928,0.0912,Rodentia,Rodentia,Rodentia,extant,155
Bathyergus_suillus_,2.225528958,-0.759111286,3.582807392,2.890077768,4.3926,0.0224,Rodentia,Rodentia,Rodentia,extant,156
Castor_fiber_,3.112665316,0.128025071,4.649956642,4.063010184,2.9021,0.0116,Rodentia,Rodentia,Rodentia,extant,157
Castor_canadensis_,3.057464502,0.072824257,4.630872113,4.014839534,2.6705,0.0114,Rodentia,Rodentia,Rodentia,extant,158
Dipodomys_agilis_,1.675408943,-1.309231304,3.093081822,1.838344502,3.8223,0.0712,Rodentia,Rodentia,Rodentia,extant,159
Idiurus_macrotis_,1.663073053,-1.321567195,2.998837141,1.314162635,4.6157,0.2314,Rodentia,Rodentia,Rodentia,extant,160
Anomalurus_derbianus_,2.299675057,-0.684965188,3.789204772,2.521725616,3.2394,0.0621,Rodentia,Rodentia,Rodentia,extant,161
Pedetes_capensis_,2.558728965,-0.425911279,4.290484263,3.419565797,1.8546,0.0143,Rodentia,Rodentia,Rodentia,extant,162
Allactaga_sibirica_,1.958749219,-1.025891025,3.308587888,1.936311567,4.4685,0.1091,Rodentia,Rodentia,Rodentia,extant,163
Dipus_sagitta_,1.554143768,-1.430496477,3.422438812,1.957860112,1.3543,0.0409,Rodentia,Rodentia,Rodentia,extant,164
Jaculus_jaculus_,0.797505749,-2.187137292,3.25614745,1.732852139,0.3478,0.012,Rodentia,Rodentia,Rodentia,extant,165
Cannomys_badius_,2.035333662,-0.949306582,3.442686676,2.299861289,3.9142,0.0563,Rodentia,Rodentia,Rodentia,extant,166
Rhizomys_sumatrensis_,2.297151854,-0.687488391,3.725294856,2.535743919,3.7313,0.0598,Rodentia,Rodentia,Rodentia,extant,167
Rhizomys_pruinosus_,2.409380187,-0.575260058,3.836479826,2.925138267,3.7402,0.0316,Rodentia,Rodentia,Rodentia,extant,168
Tachyoryctes_splendens_,1.920710167,-1.063930078,3.396866845,2.241281954,3.3407,0.0495,Rodentia,Rodentia,Rodentia,extant,169
Tatera_indica_,1.947632687,-1.037007556,3.289455166,2.154679736,4.5517,0.0643,Rodentia,Rodentia,Rodentia,extant,170
Gerbillus_watersi_,1.306356393,-1.678283848,2.692889201,1.225185684,4.1065,0.1249,Rodentia,Rodentia,Rodentia,extant,171
Psammomys_obesus_,1.678799623,-1.305840625,3.155457501,2.116486482,3.3369,0.0378,Rodentia,Rodentia,Rodentia,extant,172
Acomys_cahirinus_,1.561312514,-1.423327733,2.836440587,1.478751732,5.3073,0.1253,Rodentia,Rodentia,Rodentia,extant,173
Rattus_rattus_,1.939399431,-1.045240814,3.296261416,2.134639829,4.3968,0.0661,Rodentia,Rodentia,Rodentia,extant,174
Ondatra_zibethicus_,2.188047758,-0.796592486,3.796184959,2.926991717,2.4653,0.0189,Rodentia,Rodentia,Rodentia,extant,175
Ellobius_talpinus_,1.523821877,-1.460818365,2.993240423,1.511064844,3.393,0.1067,Rodentia,Rodentia,Rodentia,extant,176
Cricetus_cricetus_,1.989453822,-0.995186424,3.299685948,2.150940038,4.8952,0.0714,Rodentia,Rodentia,Rodentia,extant,177
Ochrotomys_nuttalli_,1.51747038,-1.467169862,2.818790505,1.35829961,4.9967,0.1495,Rodentia,Rodentia,Rodentia,extinct,178
Peromyscus_maniculatus_,1.450950805,-1.533689434,2.810159233,1.370142508,4.3731,0.1248,Rodentia,Rodentia,Rodentia,extant,179
Cricetomys_gambianus_,2.516413728,-0.468226517,3.819516298,3.116937935,4.9762,0.026,Rodentia,Rodentia,Rodentia,extant,180
Dendromus_insignis_,1.251226845,-1.73341339,2.640814235,0.990035399,4.0777,0.189,Rodentia,Rodentia,Rodentia,extant,181
Anagale_gobiensis_,2.746462938,-0.238177307,3.891985459,3.0502908,7.1528,0.0515,Euarchontoglires,Euarchontoglires,Euarchontoglires,extinct,182
Carcinella_sigei_,2.018704659,-0.965935586,3.107002952,1.681241237,8.1602,0.2253,Euarchontoglires,Euarchontoglires,Euarchontoglires,extinct,183
Labidolemur_kayi_,1.833911715,-1.15072853,2.719436533,1.86923172,13.0159,0.0955,Euarchontoglires,Euarchontoglires,Euarchontoglires,extinct,184
Adapis_parisiensis_,2.326335861,-0.658304384,3.944975908,3.319730494,2.4064,0.0105,Primates,Strepsirrhini,Strepsirrhini,extinct,185
Notharctus_tenebrosus_,2.173186268,-0.811453976,3.88214491,3.696822183,1.947,0.0031,Primates,Strepsirrhini,Strepsirrhini,extinct,186
Smilodectes_gracilis_,2.146334793,-0.838305348,3.921859812,3.44315864,1.6568,0.0052,Primates,Strepsirrhini,Strepsirrhini,extinct,187
Aegyptopithecus_zeuxis_,2.008600172,-0.976040073,4.164352856,3.431998657,0.6986,0.0039,Primates,Haplorhini,Anthropoidea,extinct,188
Archaeolemur_sp___,2.835485105,-0.14915514,5.071152664,4.314275813,0.5812,0.0034,Primates,Strepsirrhini,Strepsirrhini,extinct,189
Babakotia_radofilai_,2.583527489,-0.401112756,4.692365669,3.826724462,0.7783,0.0059,Primates,Strepsirrhini,Strepsirrhini,extinct,190
Chilecebus_carrascoensis_,1.021189299,-1.963450946,3.922102367,2.765668555,0.1256,0.0019,Primates,Haplorhini,Anthropoidea,extinct,191
Megaladapis_edwardsi_,3.171647484,0.187007239,4.940638489,5.131509564,1.7022,0.0011,Primates,Strepsirrhini,Strepsirrhini,extinct,192
Microchoerus_erinaceus_,1.612783857,-1.371856388,3.629409599,2.318063335,0.9624,0.0204,Primates,Haplorhini,Tarsioidea,extinct,193
Mioeuoticus_shipmani_,2.199640008,-0.785000236,3.859281237,2.852992062,2.1896,0.023,Primates,Strepsirrhini,Strepsirrhini,extinct,194
Necrolemur_antiquus_,1.658964843,-1.325675402,3.371990911,2.093421685,1.9363,0.0381,Primates,Haplorhini,Tarsioidea,extinct,195
Parapithecus_grangeri_,1.945599051,-1.039041194,4.076217957,2.949419284,0.7403,0.0103,Primates,Haplorhini,Anthropoidea,extinct,196
Rooneyia_viejaensis_,1.832508913,-1.152131332,3.859378504,3.006037955,0.94,0.0069,Primates,Haplorhini,Tarsioidea,extinct,197
Tetonius_homunculus_,1.707570176,-1.277070068,3.176091259,2.469822016,3.4,0.0179,Primates,Haplorhini,Tarsioidea,extinct,198
Victoriapithecus_macinessi_,2.342422681,-0.642217564,4.551449998,3.77815125,0.618,0.016860243,Primates,Haplorhini,Anthropoidea,extinct,199
Megalagus_turgidus_,2.447313109,-0.537327136,3.848360337,3.366422957,3.9715,0.0125,Lagomorpha,Lagomorpha,Lagomorpha,extinct,200
Paleolagus_haydeni_,1.632516004,-1.352124239,3.034512148,2.041984501,3.9628,0.0404,Lagomorpha,Lagomorpha,Lagomorpha,extinct,201
Ignacius_graybullianus_,2.079181246,-0.905458999,3.330413773,2.403120521,5.6075,0.0491,Primates,Primates,Primates,extinct,202
Microsyops_annectens_,2.477121255,-0.50751899,3.770852012,3.22685757,5.0847,0.0184,Primates,Primates,Primates,extinct,203
Niptomomys_cf__N__doreenae_,1.612783857,-1.371856388,2.679427897,1.357744325,8.5774,0.1864,Primates,Primates,Primates,extinct,204
Plesiadapis_cookei_,1.591064607,-1.393575638,2.698970004,3.342422681,7.8,0.0018,Primates,Primates,Primates,extinct,205
Plesiadapis_tricuspidens_,1.133538908,-1.851101336,2.444044796,3.309417226,4.8921,0.0007,Primates,Primates,Primates,extinct,206
Paramys_copei_,2.658440706,-0.326199538,3.876601721,3.012790841,6.0512,0.0458,Rodentia,Rodentia,Rodentia,extinct,207
Paramys_delicatus_,2.774889059,-0.209751186,4.099176318,3.46446272,4.7393,0.0212,Rodentia,Rodentia,Rodentia,extinct,208
Pseudotomus_hians_,2.871105701,-0.113534544,4.136057524,3.498792835,5.4331,0.0244,Rodentia,Rodentia,Rodentia,extinct,209
Pseudotomus_horribilis_,2.907905573,-0.076734671,4.181506307,3.873128702,5.326,0.0112,Rodentia,Rodentia,Rodentia,extinct,210
Pseudotomus_oweni_,2.855555497,-0.129084748,4.081455328,3.732071941,5.9443,0.0138,Rodentia,Rodentia,Rodentia,extinct,211
Pseudotomus_petersoni_,2.847782353,-0.136857892,4.230829401,3.822466227,4.1395,0.011,Rodentia,Rodentia,Rodentia,extinct,212
Cedromus_wilsoni_,2.029261996,-0.955378249,3.557491562,2.429574651,2.9633,0.0412,Rodentia,Rodentia,Rodentia,extinct,213
Ischyromys_typus_,2.320610117,-0.664030196,3.796794662,3.078846952,3.3528,0.0181,Rodentia,Rodentia,Rodentia,extinct,214
Rapamys_atramontis_,2.35283829,-0.631801955,3.816785981,2.994921752,3.4614,0.0236,Rodentia,Rodentia,Rodentia,extinct,215
Reithroparamys_delicatissimus_,2.314520279,-0.670119966,3.808210973,2.93259044,3.2086,0.025,Rodentia,Rodentia,Rodentia,extinct,216
Mesogaulus_paniensis_,2.056866754,-0.927773491,3.540329475,2.42566462,3.285,0.0443,Rodentia,Rodentia,Rodentia,extinct,217
Prosciurus_relictus_,1.531478917,-1.453161328,2.982271233,1.478133428,3.5417,0.1171,Rodentia,Rodentia,Rodentia,extinct,218
Prospaniomys_priscus_,1.803457116,-1.181183129,3.384854992,2.426673888,2.6218,0.0247,Rodentia,Rodentia,Rodentia,extinct,219
Neoreomys_australis_,2.639964349,-0.344675896,4.120851528,4.901730692,3.3046,0.0006,Rodentia,Rodentia,Rodentia,extant,220
Incamys_bolivianus_,2.23935955,-0.745280694,3.595119082,2.896033375,4.408,0.0228,Rodentia,Rodentia,Rodentia,extinct,221
Protosciurus_cf__rachelae,2.32541303,-0.659227215,3.707816207,2.543596268,4.1457,0.0627,Rodentia,Rodentia,Rodentia,extinct,222
